,Symbol,Company Name,Market Cap,% Change,Volume,Revenue
0,AAPL,Apple Inc.,"3,534.02B",1.13%,19602358,395.76B
1,NVDA,NVIDIA Corporation,"3,229.25B",-0.71%,84642060,113.27B
2,MSFT,Microsoft Corporation,"3,041.54B",-0.56%,7781041,261.80B
3,AVGO,Broadcom Inc.,"1,097.26B",-0.40%,6668821,51.57B
4,TSM,Taiwan Semiconductor Manufacturing Company Limited,867.98B,-1.23%,4278314,88.29B
5,ORCL,Oracle Corporation,485.10B,-2.12%,3233349,54.93B
6,SAP,SAP SE,335.05B,0.90%,348475,35.38B
7,CRM,"Salesforce, Inc.",310.67B,0.07%,2856389,37.19B
8,ASML,ASML Holding N.V.,294.85B,-0.52%,525972,29.26B
9,PLTR,Palantir Technologies Inc.,263.77B,2.81%,43287512,2.87B
10,CSCO,"Cisco Systems, Inc.",247.75B,-0.36%,9786942,52.98B
11,ACN,Accenture plc,244.17B,0.09%,727721,66.36B
12,IBM,International Business Machines Corporation,236.14B,0.27%,832035,62.75B
13,NOW,"ServiceNow, Inc.",204.49B,-1.63%,26723,10.98B
14,ADBE,Adobe Inc.,199.33B,-0.20%,1277104,21.51B
15,QCOM,QUALCOMM Incorporated,187.49B,-1.38%,2269048,40.70B
16,AMD,"Advanced Micro Devices, Inc.",179.12B,-0.51%,13728613,25.79B
17,UBER,"Uber Technologies, Inc.",165.50B,2.14%,12136212,43.98B
18,ARM,Arm Holdings plc,164.72B,-0.93%,1537768,3.69B
19,TXN,Texas Instruments Incorporated,162.86B,-0.26%,1783181,15.64B
20,INTU,Intuit Inc.,161.89B,-1.28%,680424,16.59B
21,SHOP,Shopify Inc.,156.19B,-2.19%,6896843,8.88B
22,AMAT,"Applied Materials, Inc.",146.59B,-1.54%,2733397,27.18B
23,ANET,Arista Networks Inc,139.01B,-5.56%,5950320,6.61B
24,SONY,Sony Group Corporation,133.43B,-1.65%,1904554,91.76B
25,FI,"Fiserv, Inc.",129.77B,-0.85%,828259,20.46B
26,APP,AppLovin Corporation,128.89B,2.35%,2602782,4.29B
27,PANW,"Palo Alto Networks, Inc.",127.84B,-0.34%,1523658,8.29B
28,ADP,"Automatic Data Processing, Inc.",124.40B,0.05%,222242,19.90B
29,CRWD,"CrowdStrike Holdings, Inc.",107.33B,0.95%,1038418,3.74B
30,LRCX,Lam Research Corporation,103.88B,-2.80%,2335045,16.21B
31,MU,"Micron Technology, Inc.",102.72B,-2.01%,14013385,29.09B
32,ADI,"Analog Devices, Inc.",100.94B,0.13%,557713,9.43B
33,KLAC,KLA Corporation,99.86B,-0.95%,173527,10.85B
34,INTC,Intel Corporation,94.83B,4.44%,91151757,53.10B
35,MRVL,"Marvell Technology, Inc.",92.47B,-2.06%,4825819,5.38B
36,INFY,Infosys Limited,88.94B,-1.66%,1951011,19.11B
37,APH,Amphenol Corporation,84.68B,-0.04%,2582479,15.22B
38,TEAM,Atlassian Corporation,82.65B,0.15%,442884,4.79B
39,MSTR,MicroStrategy Incorporated,81.97B,1.77%,4796535,463.46M
40,CDNS,"Cadence Design Systems, Inc.",81.40B,-2.76%,311288,4.35B
41,FTNT,"Fortinet, Inc.",81.35B,-2.01%,1986450,5.96B
42,DELL,Dell Technologies Inc.,79.34B,2.04%,2943085,93.95B
43,SNPS,"Synopsys, Inc.",79.16B,-3.22%,391413,6.13B
44,MSI,"Motorola Solutions, Inc.",78.30B,-1.28%,230934,10.66B
45,WDAY,"Workday, Inc.",68.72B,-1.76%,776972,8.16B
46,ADSK,"Autodesk, Inc.",63.74B,-1.01%,430919,5.96B
47,ROP,"Roper Technologies, Inc.",61.38B,-2.07%,198322,7.04B
48,SNOW,Snowflake Inc.,61.27B,1.12%,2355761,3.41B
49,TTD,"The Trade Desk, Inc.",59.50B,0.28%,4968679,2.31B
50,NET,"Cloudflare, Inc.",58.89B,-1.03%,1510724,1.67B
51,NXPI,NXP Semiconductors N.V.,55.25B,3.10%,1399686,12.61B
52,PAYX,"Paychex, Inc.",52.93B,0.60%,381421,5.37B
53,DDOG,"Datadog, Inc.",49.96B,1.10%,2633569,2.54B
54,XYZ,"Block, Inc.",46.49B,-1.03%,1658412,23.86B
55,TEL,TE Connectivity plc,43.63B,-2.13%,641236,15.85B
56,FICO,Fair Isaac Corporation,43.44B,-1.02%,68582,1.78B
57,CTSH,Cognizant Technology Solutions Corporation,43.40B,-0.36%,587967,19.74B
58,GLW,Corning Incorporated,42.50B,-0.55%,824121,13.12B
59,HUBS,"HubSpot, Inc.",40.87B,0.91%,253732,2.51B
60,GRMN,Garmin Ltd.,40.19B,-1.08%,287226,5.96B
61,IT,"Gartner, Inc.",39.66B,-1.53%,155687,6.27B
62,FIS,"Fidelity National Information Services, Inc.",39.59B,0.52%,4454825,10.13B
63,WIT,Wipro Limited,37.71B,-1.22%,1490844,10.38B
64,MPWR,"Monolithic Power Systems, Inc.",33.00B,-1.27%,139356,2.21B
65,ZS,"Zscaler, Inc.",32.19B,0.27%,559428,2.30B
66,IOT,Samsara Inc.,31.22B,0.72%,727253,1.18B
67,HPQ,HP Inc.,30.69B,-1.27%,1028399,53.56B
68,KEYS,"Keysight Technologies, Inc.",30.56B,-1.84%,213431,4.98B
69,ANSS,"ANSYS, Inc.",29.37B,-1.75%,184887,2.47B
70,GDDY,GoDaddy Inc.,28.96B,0.01%,383585,4.48B
71,MCHP,Microchip Technology Incorporated,28.40B,0.62%,2717728,4.76B
72,BR,"Broadridge Financial Solutions, Inc.",28.28B,-0.60%,81050,6.68B
73,HPE,Hewlett Packard Enterprise Company,27.92B,0.21%,2935650,30.13B
74,FTV,Fortive Corporation,27.17B,-0.85%,479261,6.23B
75,GIB,CGI Inc.,27.07B,0.05%,46795,10.33B
76,TYL,"Tyler Technologies, Inc.",26.27B,0.74%,130178,2.08B
77,NOK,Nokia Oyj,25.96B,0.61%,12715632,19.90B
78,ERIC,Telefonaktiebolaget LM Ericsson (publ),25.94B,0.32%,8403539,22.40B
79,CPAY,"Corpay, Inc.",25.68B,-0.72%,56315,3.97B
80,ZM,Zoom Communications Inc.,25.38B,-1.19%,812867,4.63B
81,CDW,CDW Corporation,25.36B,-1.44%,263898,21.00B
82,AFRM,"Affirm Holdings, Inc.",24.09B,-2.90%,5008392,2.80B
83,NTAP,"NetApp, Inc.",24.00B,-1.38%,472371,6.47B
84,CHKP,Check Point Software Technologies Ltd.,23.89B,-0.23%,195644,2.57B
85,GFS,GlobalFoundries Inc.,23.88B,7.77%,2235767,6.75B
86,SMCI,"Super Micro Computer, Inc.",23.86B,5.54%,115526277,14.94B
87,TDY,Teledyne Technologies Incorporated,23.72B,-0.39%,34190,5.67B
88,WDC,Western Digital Corporation,23.35B,-2.60%,3990395,15.60B
89,TOST,"Toast, Inc.",22.62B,-0.67%,1737374,4.66B
90,PSTG,"Pure Storage, Inc.",22.09B,0.56%,606237,3.08B
91,ASX,"ASE Technology Holding Co., Ltd.",21.87B,-1.09%,6520431,18.69B
92,TWLO,Twilio Inc.,21.74B,-1.03%,1242745,4.34B
93,SSNC,"SS&C Technologies Holdings, Inc.",21.67B,0.75%,407808,5.88B
94,VRSN,"VeriSign, Inc.",21.64B,0.18%,190141,1.56B
95,MDB,"MongoDB, Inc.",21.29B,-0.06%,327835,1.92B
96,STX,Seagate Technology Holdings plc,21.01B,1.42%,1044296,8.04B
97,UI,Ubiquiti Inc.,20.63B,-2.02%,34730,2.15B
98,STM,STMicroelectronics N.V.,20.57B,2.25%,2841757,13.27B
99,ON,ON Semiconductor Corporation,20.51B,1.52%,2742876,7.08B
100,GRAB,Grab Holdings Limited,20.11B,4.50%,32213693,2.69B
101,PTC,PTC Inc.,20.03B,-0.90%,368933,2.31B
102,CYBR,CyberArk Software Ltd.,18.95B,0.67%,461359,909.46M
103,NTNX,"Nutanix, Inc.",18.85B,-1.89%,353589,2.23B
104,KSPI,Joint Stock Company Kaspi.kz,18.64B,2.71%,131124,4.93B
105,DT,"Dynatrace, Inc.",18.46B,0.49%,1064212,1.63B
106,JBL,Jabil Inc.,18.46B,-0.10%,271130,27.49B
107,ZBRA,Zebra Technologies Corporation,18.17B,-0.58%,402660,4.66B
108,TER,"Teradyne, Inc.",18.09B,-1.45%,550314,2.82B
109,TRMB,Trimble Inc.,17.95B,-1.44%,230124,3.63B
110,GWRE,"Guidewire Software, Inc.",17.95B,-0.48%,210989,1.04B
111,LDOS,"Leidos Holdings, Inc.",17.93B,-0.67%,562795,16.28B
112,DOCU,"DocuSign, Inc.",17.82B,-0.17%,594959,2.91B
113,FFIV,"F5, Inc.",17.55B,-1.60%,147684,2.89B
114,FSLR,"First Solar, Inc.",17.14B,-0.92%,852055,3.85B
115,DUOL,"Duolingo, Inc.",17.09B,1.28%,486899,689.46M
116,GEN,Gen Digital Inc.,16.89B,-1.60%,699116,3.90B
117,AZPN,"Aspen Technology, Inc.",16.80B,0.06%,73662,1.14B
118,OKTA,"Okta, Inc.",16.58B,1.04%,455334,2.53B
119,MNDY,monday.com Ltd.,16.46B,0.66%,676214,972.00M
120,FLEX,Flex Ltd.,16.42B,0.16%,514725,25.58B
121,ENTG,"Entegris, Inc.",16.06B,0.12%,469256,3.24B
122,UMC,United Microelectronics Corporation,15.33B,-0.74%,5531635,7.09B
123,AKAM,"Akamai Technologies, Inc.",15.05B,-1.21%,442052,3.97B
124,LOGI,Logitech International S.A.,14.93B,0.06%,124486,4.56B
125,EPAM,"EPAM Systems, Inc.",14.79B,-2.46%,177231,4.64B
126,CLS,Celestica Inc.,14.72B,3.48%,1999323,9.65B
127,BSY,"Bentley Systems, Incorporated",14.56B,-1.00%,135421,1.31B
128,ALAB,"Astera Labs, Inc.",14.30B,-2.02%,4129936,396.29M
129,RBRK,"Rubrik, Inc.",14.01B,2.30%,615439,803.46M
130,COHR,Coherent Corp.,13.85B,2.15%,1071260,5.31B
131,YMM,Full Truck Alliance Co. Ltd.,13.11B,2.24%,5460859,1.49B
132,WIX,Wix.com Ltd.,12.93B,1.33%,151981,1.70B
133,KVYO,"Klaviyo, Inc.",12.68B,-1.14%,419950,868.92M
134,CIEN,Ciena Corporation,12.48B,-0.61%,763731,4.01B
135,JKHY,"Jack Henry & Associates, Inc.",12.41B,-0.46%,71434,2.27B
136,CRDO,Credo Technology Group Holding Ltd,12.28B,-0.15%,2464420,245.59M
137,ESTC,Elastic N.V.,12.04B,0.07%,287766,1.38B
138,SNX,TD SYNNEX Corporation,11.98B,-1.34%,82772,58.45B
139,JNPR,"Juniper Networks, Inc.",11.98B,0.19%,569943,5.07B
140,CFLT,"Confluent, Inc.",11.91B,20.68%,9421391,963.64M
141,PCTY,Paylocity Holding Corporation,11.81B,-0.56%,141240,1.50B
142,AUR,"Aurora Innovation, Inc.",11.61B,-3.45%,7246271,-
143,PAYC,"Paycom Software, Inc.",11.41B,0.43%,266651,1.82B
144,GTLB,GitLab Inc.,11.21B,0.86%,594994,711.60M
145,PCOR,"Procore Technologies, Inc.",11.04B,-0.56%,353634,1.11B
146,MANH,"Manhattan Associates, Inc.",11.00B,0.90%,587944,1.04B
147,NICE,NICE Ltd.,10.85B,-0.55%,130237,2.64B
148,SWKS,"Skyworks Solutions, Inc.",10.59B,0.98%,954748,4.05B
149,FOUR,"Shift4 Payments, Inc.",10.56B,-0.49%,312006,3.15B
150,DAY,Dayforce Inc.,10.26B,-0.74%,661254,1.76B
151,DSGX,The Descartes Systems Group Inc.,10.14B,-3.07%,218955,631.76M
152,DBX,"Dropbox, Inc.",9.83B,-0.68%,684303,2.54B
153,DOX,Amdocs Limited,9.73B,-0.36%,125346,5.00B
154,G,Genpact Limited,9.60B,0.26%,384816,4.77B
155,KD,"Kyndryl Holdings, Inc.",9.48B,2.05%,759662,15.11B
156,ALTR,Altair Engineering Inc.,9.41B,-0.13%,194955,644.66M
157,GLOB,Globant S.A.,9.34B,0.29%,157446,2.35B
158,MTSI,"MACOM Technology Solutions Holdings, Inc.",9.11B,0.21%,118490,790.55M
159,TTAN,"ServiceTitan, Inc.",9.06B,0.87%,104885,724.36M
160,PEGA,Pegasystems Inc.,9.01B,1.66%,540049,1.48B
161,ONTO,Onto Innovation Inc.,8.57B,-1.35%,378892,987.32M
162,IONQ,"IonQ, Inc.",8.44B,3.45%,8004632,37.47M
163,ASTS,"AST SpaceMobile, Inc.",8.33B,1.20%,6401475,2.50M
164,EXLS,"ExlService Holdings, Inc.",8.27B,-1.09%,198935,1.77B
165,SATS,EchoStar Corporation,8.19B,-0.35%,358182,16.02B
166,PSN,Parsons Corporation,8.15B,-0.64%,201936,6.51B
167,ENPH,"Enphase Energy, Inc.",8.14B,-1.85%,2095860,1.33B
168,CACI,CACI International Inc,8.11B,-0.86%,249613,8.13B
169,LSCC,Lattice Semiconductor Corporation,8.06B,-0.42%,484023,509.40M
170,VERX,"Vertex, Inc.",8.01B,-1.97%,260392,643.23M
171,APPF,"AppFolio, Inc.",7.91B,-0.68%,50450,794.20M
172,CVLT,"Commvault Systems, Inc.",7.80B,-0.39%,139526,943.87M
173,INFA,Informatica Inc.,7.77B,-1.56%,522933,1.66B
174,U,Unity Software Inc.,7.73B,-1.64%,2469364,1.97B
175,PATH,UiPath Inc.,7.71B,0.29%,2697013,1.41B
176,S,"SentinelOne, Inc.",7.68B,-0.33%,975927,770.12M
177,FN,Fabrinet,7.56B,-0.76%,179375,3.12B
178,MKSI,"MKS Instruments, Inc.",7.44B,-0.35%,280838,3.54B
179,OTEX,Open Text Corporation,7.32B,-2.27%,636728,5.41B
180,QRVO,"Qorvo, Inc.",7.20B,0.49%,347189,3.79B
181,CCCS,CCC Intelligent Solutions Holdings Inc.,7.12B,-0.14%,1027007,926.94M
182,NVMI,Nova Ltd.,7.05B,-2.58%,190282,611.85M
183,HCP,"HashiCorp, Inc.",7.00B,0.40%,1232227,654.89M
184,CWAN,"Clearwater Analytics Holdings, Inc.",6.87B,-0.69%,243761,424.36M
185,RMBS,Rambus Inc.,6.77B,-2.05%,306867,556.62M
186,OLED,Universal Display Corporation,6.73B,-0.51%,136498,643.71M
187,GDS,GDS Holdings Limited,6.70B,0.55%,2565632,1.56B
188,CGNX,Cognex Corporation,6.70B,-1.41%,535746,881.50M
189,NXT,Nextracker Inc.,6.59B,0.35%,769323,2.77B
190,SRAD,Sportradar Group AG,6.38B,0.85%,116789,1.17B
191,BMI,"Badger Meter, Inc.",6.32B,-1.73%,24410,826.56M
192,BILL,"BILL Holdings, Inc.",6.23B,-0.64%,1288088,1.39B
193,WEX,WEX Inc.,6.09B,-1.19%,115746,2.63B
194,LFUS,"Littelfuse, Inc.",5.96B,-0.02%,42568,2.19B
195,LYFT,"Lyft, Inc.",5.87B,-2.36%,51375525,5.79B
196,SPSC,"SPS Commerce, Inc.",5.74B,-1.03%,143453,637.77M
197,OS,"OneStream, Inc.",5.63B,-21.44%,5739425,489.41M
198,VNT,Vontier Corporation,5.63B,-0.94%,522738,2.99B
199,INTA,"Intapp, Inc.",5.57B,0.17%,5487,465.03M
200,ARW,"Arrow Electronics, Inc.",5.54B,-0.89%,78818,27.92B
201,LITE,Lumentum Holdings Inc.,5.53B,-1.42%,796175,1.41B
202,QTWO,"Q2 Holdings, Inc.",5.50B,-0.72%,248986,675.54M
203,QXO,"QXO, Inc.",5.49B,-0.48%,404106,56.84M
204,CRUS,"Cirrus Logic, Inc.",5.47B,-0.47%,213707,1.84B
205,FRSH,Freshworks Inc.,5.44B,0.50%,5149238,720.42M
206,PONY,Pony AI Inc.,5.40B,9.72%,784242,84.33M
207,AMKR,"Amkor Technology, Inc.",5.40B,1.23%,1318763,6.32B
208,ACIW,"ACI Worldwide, Inc.",5.39B,-1.49%,112453,1.62B
209,CLBT,Cellebrite DI Ltd.,5.38B,1.82%,618486,385.17M
210,IDCC,"InterDigital, Inc.",5.36B,0.80%,129890,868.52M
211,INGM,Ingram Micro Holding Corporation,5.34B,-2.49%,48190,47.66B
212,NSIT,"Insight Enterprises, Inc.",5.30B,-1.16%,99967,8.70B
213,SOUN,"SoundHound AI, Inc.",5.23B,2.43%,15875983,67.30M
214,NOVT,Novanta Inc.,5.22B,-0.79%,35026,922.75M
215,TSEM,Tower Semiconductor Ltd.,5.14B,-0.78%,482334,1.44B
216,SAIC,Science Applications International Corporation,5.14B,0.26%,184836,7.38B
217,ASAN,"Asana, Inc.",5.10B,-0.31%,1321850,706.68M
218,QLYS,"Qualys, Inc.",5.08B,1.02%,3800,607.57M
219,WK,Workiva Inc.,5.03B,-3.82%,187324,705.44M
220,BOX,"Box, Inc.",5.00B,-0.64%,258537,1.07B
221,RELY,"Remitly Global, Inc.",4.98B,-0.36%,434686,1.18B
222,ZETA,Zeta Global Holdings Corp.,4.93B,0.73%,1578409,901.40M
223,VRNS,"Varonis Systems, Inc.",4.86B,1.19%,356722,550.95M
224,SANM,Sanmina Corporation,4.78B,-1.56%,175038,7.70B
225,SLAB,Silicon Laboratories Inc.,4.77B,-0.42%,86580,584.39M
226,TENB,"Tenable Holdings, Inc.",4.74B,-1.47%,157648,900.02M
227,ALGM,"Allegro MicroSystems, Inc.",4.48B,-0.69%,924,772.76M
228,BDC,Belden Inc.,4.47B,-2.37%,67991,2.46B
229,ITRI,"Itron, Inc.",4.46B,-0.90%,193279,2.41B
230,BRZE,"Braze, Inc.",4.31B,-1.63%,194250,563.97M
231,AVT,"Avnet, Inc.",4.30B,-0.18%,139887,22.48B
232,ESE,ESCO Technologies Inc.,4.27B,0.06%,22811,1.06B
233,ST,Sensata Technologies Holding plc,4.18B,8.86%,2100011,3.93B
234,AI,"C3.ai, Inc.",4.18B,1.19%,1886166,346.54M
235,EEFT,"Euronet Worldwide, Inc.",4.17B,-0.94%,119437,3.90B
236,DOCN,"DigitalOcean Holdings, Inc.",4.17B,-0.11%,277759,756.56M
237,KC,Kingsoft Cloud Holdings Limited,4.11B,4.72%,2324609,1.04B
238,GBTG,"Global Business Travel Group, Inc.",4.11B,-0.51%,82434,2.38B
239,FROG,JFrog Ltd.,4.05B,0.28%,585583,409.67M
240,PYCR,"Paycor HCM, Inc.",4.03B,0.07%,593830,699.73M
241,CAMT,Camtek Ltd.,4.03B,1.58%,428019,429.23M
242,BLKB,"Blackbaud, Inc.",3.94B,-0.24%,41713,1.15B
243,NCNO,"nCino, Inc.",3.90B,0.58%,284116,522.98M
244,SITM,SiTime Corporation,3.84B,-1.08%,98166,202.70M
245,PAY,"Paymentus Holdings, Inc.",3.83B,-2.50%,56876,778.67M
246,DV,"DoubleVerify Holdings, Inc.",3.83B,0.71%,358175,638.46M
247,PLXS,Plexus Corp.,3.78B,-1.15%,33710,3.95B
248,DLO,DLocal Limited,3.73B,1.04%,333339,729.49M
249,AVPT,"AvePoint, Inc.",3.63B,-1.46%,395724,315.92M
250,PAYO,Payoneer Global Inc.,3.59B,0.65%,576438,940.30M
251,DXC,DXC Technology Company,3.59B,-1.29%,158524,13.09B
252,ALIT,"Alight, Inc.",3.49B,-2.17%,1352620,3.36B
253,OSIS,"OSI Systems, Inc.",3.48B,-0.69%,45951,1.65B
254,ASGN,ASGN Incorporated,3.45B,-1.87%,78382,4.10B
255,CLVT,Clarivate Plc,3.42B,-0.72%,1565955,2.58B
256,LIF,"Life360, Inc.",3.42B,-0.54%,26604,342.92M
257,ZI,ZoomInfo Technologies Inc.,3.42B,-2.25%,1111439,1.22B
258,RGTI,"Rigetti Computing, Inc.",3.37B,9.07%,50701350,11.89M
259,YOU,"Clear Secure, Inc.",3.36B,3.03%,931138,735.18M
260,CORZ,"Core Scientific, Inc.",3.34B,-3.87%,3409468,557.68M
261,POWI,"Power Integrations, Inc.",3.34B,-0.75%,76051,418.97M
262,ALKT,"Alkami Technology, Inc.",3.34B,-1.51%,199292,315.56M
263,BL,"BlackLine, Inc.",3.31B,-16.48%,2401713,653.34M
264,GRND,Grindr Inc.,3.20B,0.44%,265841,319.10M
265,LPL,"LG Display Co., Ltd.",3.19B,-0.16%,84768,18.02B
266,SMTC,Semtech Corporation,3.17B,-3.67%,1869931,851.23M
267,BTDR,Bitdeer Technologies Group,3.15B,4.47%,2411848,395.61M
268,SWI,SolarWinds Corporation,3.15B,0.63%,358285,784.73M
269,BB,BlackBerry Limited,3.11B,4.58%,11104645,638.00M
270,CNXC,Concentrix Corporation,3.10B,0.93%,127323,9.62B
271,ALRM,"Alarm.com Holdings, Inc.",3.10B,-1.73%,55673,923.82M
272,RNG,"RingCentral, Inc.",3.10B,-0.15%,151844,2.36B
273,AMBA,"Ambarella, Inc.",3.09B,-1.34%,185196,252.47M
274,FIVN,"Five9, Inc.",3.07B,0.18%,133233,1.00B
275,VNET,"VNET Group, Inc.",3.02B,13.59%,9739917,1.13B
276,PI,"Impinj, Inc.",2.96B,-2.87%,158109,366.09M
277,FORM,"FormFactor, Inc.",2.76B,1.89%,280954,763.60M
278,SYNA,Synaptics Incorporated,2.75B,2.77%,258866,1.01B
279,VIAV,Viavi Solutions Inc.,2.75B,-1.88%,407647,1.01B
280,STNE,StoneCo Ltd.,2.73B,-3.71%,6379190,2.27B
281,CALX,"Calix, Inc.",2.69B,-2.64%,201237,831.52M
282,IPGP,IPG Photonics Corporation,2.66B,-3.99%,130110,977.13M
283,PAR,PAR Technology Corporation,2.62B,-3.10%,105748,453.99M
284,SEMR,"Semrush Holdings, Inc.",2.62B,-1.08%,189869,357.57M
285,TTMI,"TTM Technologies, Inc.",2.60B,-4.21%,341613,2.44B
286,WNS,WNS (Holdings) Limited,2.56B,-0.97%,3019,1.32B
287,FLYW,Flywire Corporation,2.50B,0.40%,433401,475.14M
288,APPN,Appian Corporation,2.50B,1.72%,139188,595.66M
289,PRGS,Progress Software Corporation,2.48B,-0.17%,194382,753.41M
290,DIOD,Diodes Incorporated,2.39B,1.12%,424862,1.31B
291,TDC,Teradata Corporation,2.37B,-19.96%,1824111,1.75B
292,PAGS,PagSeguro Digital Ltd.,2.36B,-1.62%,1560471,3.23B
293,ODD,Oddity Tech Ltd.,2.36B,-1.40%,99175,620.65M
294,RPD,"Rapid7, Inc.",2.35B,-2.08%,365587,833.01M
295,VSH,"Vishay Intertechnology, Inc.",2.33B,0.88%,352063,2.94B
296,AGYS,"Agilysys, Inc.",2.32B,-0.17%,71229,263.57M
297,CXM,"Sprinklr, Inc.",2.31B,0.06%,494234,788.06M
298,RUM,Rumble Inc.,2.31B,-3.54%,1937974,85.65M
299,BBAI,"BigBear.ai Holdings, Inc.",2.26B,12.06%,81594932,154.97M
300,RAMP,"LiveRamp Holdings, Inc.",2.22B,-2.15%,96609,728.71M
301,IBTA,"Ibotta, Inc.",2.21B,-0.16%,77344,368.55M
302,KLIC,"Kulicke and Soffa Industries, Inc.",2.18B,-0.75%,148288,701.17M
303,VICR,Vicor Corporation,2.16B,-2.65%,86492,355.54M
304,NATL,NCR Atleos Corporation,2.15B,-1.02%,97062,4.31B
305,EVTC,"EVERTEC, Inc.",2.10B,-0.68%,50102,823.71M
306,EXTR,"Extreme Networks, Inc.",2.05B,-1.86%,225896,1.02B
307,JAMF,Jamf Holding Corp.,2.04B,1.02%,29802,615.07M
308,AVDX,"AvidXchange Holdings, Inc.",2.03B,-1.10%,217228,427.57M
309,LSPD,Lightspeed Commerce Inc.,2.01B,0.53%,245353,1.05B
310,DAVA,Endava plc,2.00B,-0.59%,34200,1.00B
311,ACLS,"Axcelis Technologies, Inc.",1.96B,1.45%,540190,1.02B
312,EVCM,EverCommerce Inc.,1.95B,-2.70%,24909,693.21M
313,DFIN,"Donnelley Financial Solutions, Inc.",1.90B,-1.10%,16805,802.10M
314,SPT,"Sprout Social, Inc.",1.90B,-2.35%,112605,392.40M
315,GDYN,"Grid Dynamics Holdings, Inc.",1.90B,-3.44%,150869,328.36M
316,TUYA,Tuya Inc.,1.88B,2.08%,2622269,280.97M
317,MQ,"Marqeta, Inc.",1.86B,-0.13%,621455,490.03M
318,NABL,"N-able, Inc.",1.85B,-0.70%,201914,458.05M
319,SIMO,Silicon Motion Technology Corporation,1.82B,0.50%,109485,803.55M
320,RUN,Sunrun Inc.,1.81B,0.68%,3903944,2.04B
321,PLUS,ePlus inc.,1.79B,-1.81%,65675,2.13B
322,VYX,NCR Voyix Corporation,1.77B,-3.38%,399412,3.59B
323,QBTS,D-Wave Quantum Inc.,1.75B,13.04%,42972524,9.42M
324,CSGS,"CSG Systems International, Inc.",1.74B,-0.84%,53362,1.20B
325,NTCT,"NetScout Systems, Inc.",1.73B,-2.19%,60433,821.14M
326,PD,"PagerDuty, Inc.",1.71B,0.99%,236058,457.17M
327,CNXN,"PC Connection, Inc.",1.70B,-1.42%,16881,2.80B
328,UCTT,"Ultra Clean Holdings, Inc.",1.68B,-1.21%,49693,1.98B
329,UPBD,"Upbound Group, Inc.",1.67B,-1.87%,103136,4.26B
330,MTTR,"Matterport, Inc.",1.67B,-0.75%,2838380,165.43M
331,APLD,Applied Digital Corporation,1.66B,-1.78%,6406062,211.62M
332,HIMX,"Himax Technologies, Inc.",1.62B,-3.89%,1727572,897.26M
333,GB,Global Blue Group Holding AG,1.62B,2.91%,7395,517.91M
334,VRNT,Verint Systems Inc.,1.61B,-1.36%,86379,920.75M
335,ROG,Rogers Corporation,1.60B,-2.98%,43149,842.50M
336,DBD,"Diebold Nixdorf, Incorporated",1.59B,-4.17%,54602,3.80B
337,AMPL,"Amplitude, Inc.",1.59B,-0.16%,166036,292.54M
338,KN,Knowles Corporation,1.59B,-1.58%,114851,801.00M
339,INFN,Infinera Corporation,1.57B,-0.23%,315820,1.46B
340,DSP,Viant Technology Inc.,1.55B,1.33%,164285,263.59M
341,SONO,"Sonos, Inc.",1.55B,-1.93%,702819,1.46B
342,NN,NextNav Inc.,1.54B,-1.77%,138459,4.96M
343,ZUO,"Zuora, Inc.",1.54B,-0.05%,1959951,452.76M
344,ATEN,"A10 Networks, Inc.",1.52B,-0.07%,128579,261.70M
345,KARO,Karooooo Ltd.,1.49B,1.56%,30261,245.97M
346,BHE,"Benchmark Electronics, Inc.",1.48B,-2.16%,30260,2.66B
347,SPNS,Sapiens International Corporation N.V.,1.48B,-0.15%,28330,538.93M
348,FORTY,Formula Systems (1985) Ltd.,1.46B,1.20%,2149,2.71B
349,MLNK,"MeridianLink, Inc.",1.45B,-1.24%,2668,311.44M
350,ADEA,Adeia Inc.,1.44B,-3.75%,551071,343.72M
351,NYAX,Nayax Ltd.,1.44B,2.34%,503,291.65M
352,ACMR,"ACM Research, Inc.",1.43B,-0.65%,566827,728.97M
353,ENFN,"Enfusion, Inc.",1.43B,-0.05%,181562,195.16M
354,DQ,Daqo New Energy Corp.,1.42B,1.44%,235289,1.31B
355,PLAB,"Photronics, Inc.",1.41B,-1.24%,100780,866.95M
356,EXOD,"Exodus Movement, Inc.",1.39B,0.47%,9142,89.94M
357,TASK,"TaskUs, Inc.",1.39B,-0.25%,50222,955.01M
358,FSLY,"Fastly, Inc.",1.38B,-2.04%,2281176,540.87M
359,CTS,CTS Corporation,1.37B,-2.08%,1531,515.77M
360,MXL,"MaxLinear, Inc.",1.34B,-4.92%,901506,360.53M
361,DAVE,Dave Inc.,1.34B,-0.08%,154306,319.36M
362,VECO,Veeco Instruments Inc.,1.34B,-5.52%,303339,709.09M
363,AAOI,"Applied Optoelectronics, Inc.",1.34B,-4.18%,993029,209.55M
364,SABR,Sabre Corporation,1.32B,-0.73%,888871,3.00B
365,PRO,"PROS Holdings, Inc.",1.28B,0.26%,108884,330.37M
366,DCBO,Docebo Inc.,1.28B,-1.31%,4737,209.17M
367,DGII,Digi International Inc.,1.28B,-1.20%,2586,421.82M
368,INOD,Innodata Inc.,1.23B,-0.30%,464506,137.39M
369,CRCT,"Cricut, Inc.",1.21B,0.27%,43777,734.48M
370,OLO,Olo Inc.,1.16B,-0.07%,186608,271.87M
371,VTEX,VTEX,1.15B,-0.40%,85314,225.91M
372,VSAT,"Viasat, Inc.",1.15B,1.53%,2131886,4.52B
373,PSFE,Paysafe Limited,1.12B,-1.61%,147365,1.70B
374,JKS,"JinkoSolar Holding Co., Ltd.",1.11B,-0.10%,135775,14.89B
375,HLIT,Harmonic Inc.,1.11B,0.16%,681981,678.72M
376,PENG,"Penguin Solutions, Inc.",1.11B,-0.77%,173425,1.24B
377,AIOT,"PowerFleet, Inc.",1.08B,-3.94%,1485412,292.95M
378,COMM,"CommScope Holding Company, Inc.",1.08B,-1.19%,892782,5.18B
379,ICHR,"Ichor Holdings, Ltd.",1.08B,-2.99%,15812,849.04M
380,VMEO,"Vimeo, Inc.",1.07B,-0.62%,191401,419.39M
381,QUBT,Quantum Computing Inc.,1.07B,5.15%,8319464,386.00K
382,PDFS,"PDF Solutions, Inc.",1.06B,-1.80%,29523,170.51M
383,ARRY,"Array Technologies, Inc.",1.05B,0.22%,1038674,982.19M
384,AOSL,Alpha and Omega Semiconductor Limited,1.03B,-2.50%,171479,666.40M
385,DGNX,Diginex Limited,1.02B,9.39%,50623,1.18M
386,CRSR,"Corsair Gaming, Inc.",1.02B,-1.76%,482675,1.32B
387,BELFB,Bel Fuse Inc.,1.02B,-0.72%,2155,524.94M
388,BELFA,Bel Fuse Inc.,1.00B,-0.66%,4671,524.94M
389,RDWR,Radware Ltd.,1.00B,2.82%,149229,274.88M
390,BASE,"Couchbase, Inc.",992.52M,-0.35%,52706,204.63M
391,XRX,Xerox Holdings Corporation,984.90M,-2.28%,496539,6.22B
392,CINT,CI&T Inc.,979.40M,-1.67%,43189,410.25M
393,COHU,"Cohu, Inc.",979.12M,-1.22%,96956,444.88M
394,ML,MoneyLion Inc.,974.10M,0.05%,30181,500.28M
395,BLND,"Blend Labs, Inc.",972.53M,-2.54%,820839,156.72M
396,SMWB,Similarweb Ltd.,963.33M,-30.51%,4295903,249.91M
397,TIXT,TELUS International (Cda) Inc.,959.81M,-2.38%,102830,2.66B
398,RSKD,Riskified Ltd.,953.98M,-0.34%,206610,318.05M
399,IIIV,"i3 Verticals, Inc.",948.90M,-2.33%,113751,236.56M
400,ETWO,"E2open Parent Holdings, Inc.",946.51M,-0.89%,204104,613.46M
401,PGY,Pagaya Technologies Ltd.,888.28M,6.58%,2587047,970.90M
402,NTGR,"NETGEAR, Inc.",885.82M,-0.32%,136289,673.76M
403,HCKT,"The Hackett Group, Inc.",875.82M,-1.09%,26395,300.74M
404,SCSC,"ScanSource, Inc.",874.72M,-2.37%,56543,3.02B
405,ADTN,"ADTRAN Holdings, Inc.",868.42M,-2.89%,200800,905.35M
406,YEXT,"Yext, Inc.",853.79M,-0.15%,130235,408.97M
407,GCT,GigaCloud Technology Inc.,832.95M,-0.61%,286263,1.11B
408,PRTH,"Priority Technology Holdings, Inc.",823.00M,-2.57%,210004,851.91M
409,SSYS,Stratasys Ltd.,822.71M,0.99%,171773,578.44M
410,PUBM,"PubMatic, Inc.",803.44M,0.96%,78177,290.35M
411,WOLF,"Wolfspeed, Inc.",799.04M,1.51%,6092539,776.60M
412,MLAB,"Mesa Laboratories, Inc.",796.02M,-2.66%,12400,237.75M
413,CGNT,Cognyte Software Ltd.,780.12M,0.09%,86768,339.82M
414,SEDG,"SolarEdge Technologies, Inc.",773.63M,0.04%,1112920,1.05B
415,CTLP,"Cantaloupe, Inc.",764.67M,-0.57%,238658,285.11M
416,RCAT,"Red Cat Holdings, Inc.",759.52M,-1.66%,3116016,16.47M
417,DAKT,"Daktronics, Inc.",757.22M,-1.95%,86242,820.60M
418,CEVA,"CEVA, Inc.",751.33M,-1.43%,40752,101.88M
419,OSPN,OneSpan Inc.,739.50M,-1.99%,86414,244.94M
420,DMRC,Digimarc Corporation,738.11M,-0.20%,53197,39.04M
421,INDI,"indie Semiconductor, Inc.",734.98M,-4.37%,2042801,228.81M
422,RZLV,Rezolve AI Limited,724.37M,0.49%,3750738,6.24M
423,IMOS,ChipMOS TECHNOLOGIES INC.,710.31M,-1.35%,1634,724.84M
424,ITRN,Ituran Location and Control Ltd.,675.78M,-1.82%,27403,331.18M
425,RPAY,Repay Holdings Corporation,673.59M,-0.48%,120889,310.76M
426,SHLS,"Shoals Technologies Group, Inc.",673.48M,-0.85%,3528752,422.66M
427,YALA,Yalla Group Limited,661.69M,0.48%,93200,329.77M
428,CSIQ,Canadian Solar Inc.,656.67M,1.91%,601469,6.17B
429,CNDT,Conduent Incorporated,649.95M,-8.43%,1065731,3.36B
430,RXT,"Rackspace Technology, Inc.",647.43M,-1.21%,344806,2.77B
431,MGIC,Magic Software Enterprises Ltd.,630.93M,-1.83%,6142,535.48M
432,APPS,"Digital Turbine, Inc.",621.12M,8.53%,6148043,483.58M
433,CRNC,Cerence Inc.,618.39M,-2.29%,1624045,244.07M
434,API,"Agora, Inc.",597.08M,7.43%,873547,134.84M
435,LYTS,LSI Industries Inc.,587.09M,-1.36%,44369,523.02M
436,DDD,3D Systems Corporation,583.84M,-1.72%,598050,443.95M
437,CLMB,"Climb Global Solutions, Inc.",567.79M,-0.80%,5805,410.63M
438,IMXI,"International Money Express, Inc.",564.91M,-1.54%,74450,665.67M
439,CAN,Canaan Inc.,559.95M,0.86%,6430614,229.63M
440,FARO,"FARO Technologies, Inc.",551.16M,-1.42%,46898,347.73M
441,RDVT,"Red Violet, Inc.",549.55M,-0.18%,18007,70.69M
442,CCSI,"Consensus Cloud Solutions, Inc.",549.38M,-1.56%,1940,351.15M
443,DJCO,Daily Journal Corporation,544.79M,0.29%,7582,69.93M
444,BIGC,"BigCommerce Holdings, Inc.",539.65M,-0.81%,207864,330.05M
445,MTLS,Materialise NV,530.42M,-0.44%,48925,297.10M
446,NVTS,Navitas Semiconductor Corporation,529.57M,2.36%,1462166,91.38M
447,NNDM,Nano Dimension Ltd.,529.46M,-6.59%,1785599,57.66M
448,HKD,AMTD Digital Inc.,529.35M,3.76%,104646,27.78M
449,LASR,"nLIGHT, Inc.",524.01M,-1.37%,54984,203.06M
450,BAND,Bandwidth Inc.,523.52M,-0.59%,140520,703.90M
451,BKSY,BlackSky Technology Inc.,494.72M,-6.87%,768583,107.23M
452,OUST,"Ouster, Inc.",493.72M,0.41%,370171,105.45M
453,KULR,"KULR Technology Group, Inc.",491.35M,-3.16%,252129,9.70M
454,LGTY,"Logility Supply Chain Solutions, Inc.",474.22M,0.14%,130171,102.40M
455,UIS,Unisys Corporation,474.09M,-2.22%,64648,2.02B
456,PRCH,"Porch Group, Inc.",473.76M,-2.37%,254183,452.10M
457,CLFD,"Clearfield, Inc.",471.29M,-2.39%,54397,167.95M
458,MITK,"Mitek Systems, Inc.",463.07M,0.39%,189994,172.42M
459,SKYT,"SkyWater Technology, Inc.",447.97M,-0.38%,140696,345.94M
460,ALNT,Allient Inc.,439.58M,-2.45%,21997,548.96M
461,GRRR,Gorilla Technology Group Inc.,435.77M,13.63%,2243102,78.94M
462,XPER,Xperi Inc.,410.20M,-0.54%,53938,508.56M
463,LAES,SEALSQ Corp,409.75M,3.21%,10152710,20.14M
464,KLTR,"Kaltura, Inc.",407.17M,-0.73%,5362,177.59M
465,EGHT,"8x8, Inc.",401.67M,-0.51%,459792,717.44M
466,GILT,Gilat Satellite Networks Ltd.,396.55M,-5.89%,597959,302.93M
467,OOMA,"Ooma, Inc.",396.09M,-2.02%,29471,253.43M
468,ATGL,Alpha Technology Group Limited,386.13M,-8.06%,17426,1.59M
469,BLZE,"Backblaze, Inc.",383.42M,0.89%,121621,122.58M
470,AIP,"Arteris, Inc.",378.87M,-0.74%,39360,54.74M
471,POET,POET Technologies Inc.,378.53M,3.33%,764499,119.95K
472,TRAK,"ReposiTrak, Inc.",374.71M,-0.34%,22494,20.83M
473,LSAK,"Lesaka Technologies, Inc.",374.08M,-1.45%,15554,576.60M
474,AUDC,AudioCodes Ltd.,364.98M,-2.11%,29665,242.18M
475,MEI,"Methode Electronics, Inc.",358.53M,-2.09%,77310,1.09B
476,TSSI,"TSS, Inc.",355.31M,7.25%,520772,122.53M
477,NVEC,NVE Corporation,351.90M,0.78%,2609,25.69M
478,DOMO,"Domo, Inc.",351.19M,-2.78%,158214,318.46M
479,TBCH,Turtle Beach Corporation,350.69M,-1.07%,42377,326.23M
480,IBEX,IBEX Limited,349.32M,2.04%,192745,521.73M
481,NRDY,"Nerdy, Inc.",345.42M,3.51%,275023,197.33M
482,EXFY,"Expensify, Inc.",339.84M,-1.18%,125323,137.44M
483,EB,"Eventbrite, Inc.",330.85M,-0.88%,132217,336.37M
484,PDYN,Palladyne AI Corp.,325.06M,5.21%,4790881,7.77M
485,LAW,"CS Disco, Inc.",318.71M,0.38%,33871,143.58M
486,VUZI,Vuzix Corporation,316.18M,1.33%,903674,5.55M
487,AEHR,"Aehr Test Systems, Inc.",309.15M,1.12%,300536,50.74M
488,VPG,"Vishay Precision Group, Inc.",306.47M,-4.66%,86667,323.40M
489,CRNT,Ceragon Networks Ltd.,305.62M,-5.59%,3909853,394.19M
490,ASUR,"Asure Software, Inc.",302.45M,-0.35%,2370,115.26M
491,MVIS,"MicroVision, Inc.",301.15M,-3.66%,1723911,8.15M
492,TSAT,Telesat Corporation,297.14M,2.00%,18371,450.76M
493,ALLT,Allot Ltd.,296.69M,-2.85%,697690,91.63M
494,ILLR,Triller Group Inc.,288.23M,-2.21%,159632,45.24M
495,AVNW,"Aviat Networks, Inc.",284.63M,-3.18%,62485,434.11M
496,ONTF,"ON24, Inc.",279.89M,0.30%,24389,150.74M
497,SMRT,"SmartRent, Inc.",278.26M,5.43%,426111,199.77M
498,NOTE,"FiscalNote Holdings, Inc.",275.20M,4.21%,4938239,125.06M
499,VLN,Valens Semiconductor Ltd.,271.57M,4.08%,203356,63.13M
500,IMMR,Immersion Corporation,267.40M,-1.15%,140880,163.13M
501,KOPN,Kopin Corporation,264.42M,-8.42%,2572153,44.27M
502,TLS,Telos Corporation,258.40M,-0.56%,223942,122.96M
503,ARBE,Arbe Robotics Ltd.,257.10M,-2.91%,3820811,1.02M
504,RMNI,"Rimini Street, Inc.",255.72M,-1.92%,22297,426.65M
505,NOVA,Sunnova Energy International Inc.,255.53M,-1.45%,3085108,809.98M
506,ICG,Intchains Group Limited,240.35M,-0.25%,8375,34.65M
507,HPAI,Helport AI Limited,230.22M,3.33%,3335,29.58M
508,PERF,Perfect Corp.,228.13M,-0.86%,119499,58.45M
509,MAPS,"WM Technology, Inc.",227.02M,5.04%,330783,183.31M
510,ARQQ,Arqit Quantum Inc.,223.63M,2.26%,175788,293.00K
511,AEVA,"Aeva Technologies, Inc.",223.07M,0.49%,129683,7.98M
512,AEYE,"AudioEye, Inc.",221.15M,-1.41%,23901,33.35M
513,SANG,Sangoma Technologies Corporation,210.15M,-,1587,241.24M
514,SVCO,"Silvaco Group, Inc.",206.07M,0.98%,96668,54.31M
515,XNET,Xunlei Limited,203.49M,2.24%,171416,359.61M
516,REKR,"Rekor Systems, Inc.",202.59M,6.36%,4462663,43.82M
517,CSPI,CSP Inc.,198.64M,0.22%,9357,55.51M
518,GAUZ,Gauzy Ltd.,197.21M,2.93%,7403,94.35M
519,INSG,Inseego Corp.,192.54M,2.20%,32834,207.48M
520,PCLA,PicoCELA Inc.,191.42M,-0.70%,13120,4.76M
521,BKKT,"Bakkt Holdings, Inc.",191.13M,-0.36%,79776,1.91B
522,AZ,A2Z Cust2Mate Solutions Corp.,190.89M,1.01%,26019,6.63M
523,RELL,"Richardson Electronics, Ltd.",188.46M,-1.05%,16854,202.97M
524,MRT,"Marti Technologies, Inc.",187.35M,-1.02%,14454,18.95M
525,AISP,"Airship AI Holdings, Inc.",180.84M,1.01%,692296,24.05M
526,EGAN,eGain Corporation,178.84M,-0.63%,13750,90.43M
527,CCRD,CoreCard Corporation,178.71M,-1.14%,4477,54.73M
528,ONDS,Ondas Holdings Inc.,173.03M,-3.57%,2205960,8.02M
529,SSTI,"SoundThinking, Inc.",171.20M,-0.87%,10743,104.67M
530,MX,Magnachip Semiconductor Corporation,169.83M,-1.63%,22824,219.52M
531,VOXX,VOXX International Corporation,167.95M,-0.20%,20981,397.41M
532,TTEC,"TTEC Holdings, Inc.",164.66M,-1.43%,71522,2.27B
533,FEIM,"Frequency Electronics, Inc.",164.45M,-0.75%,7186,60.19M
534,PSQH,"PSQ Holdings, Inc.",163.49M,-3.54%,619880,18.74M
535,TCX,Tucows Inc.,163.31M,-2.62%,4470,356.14M
536,NEON,Neonode Inc.,160.19M,2.86%,49901,3.80M
537,MPTI,"M-tron Industries, Inc.",156.25M,3.16%,7391,46.98M
538,III,"Information Services Group, Inc.",155.51M,-1.71%,16128,255.99M
539,ATOM,Atomera Incorporated,150.51M,-39.65%,3148997,135.00K
540,GNSS,Genasys Inc.,150.06M,14.08%,245556,26.59M
541,TROO,"TROOPS, Inc.",149.35M,-0.77%,7160,4.34M
542,VERI,"Veritone, Inc.",146.49M,-0.31%,187434,124.88M
543,NTCL,NetClass Technology Inc,143.53M,-1.23%,945,11.60M
544,TOYO,"TOYO Co., Ltd.",140.44M,4.11%,3121,200.46M
545,PAYS,"Paysign, Inc.",140.30M,-1.91%,69742,56.47M
546,LPTH,"LightPath Technologies, Inc.",138.23M,0.72%,69914,32.05M
547,DHX,"DHI Group, Inc.",135.83M,-2.11%,66910,141.93M
548,MRAM,"Everspin Technologies, Inc.",123.81M,-1.31%,986,53.87M
549,YIBO,Planet Image International Limited,121.50M,0.44%,180897,153.28M
550,QH,Quhuo Limited,121.09M,3.85%,5173,493.47M
551,CGTL,Creative Global Technology Holdings Limited,120.91M,8.46%,3216,35.61M
552,ZENV,Zenvia Inc.,120.85M,-1.27%,67636,173.59M
553,UEIC,Universal Electronics Inc.,120.53M,-1.58%,25705,382.02M
554,SATX,Satixfy Communications Ltd.,120.44M,-5.33%,55629,10.35M
555,GPRO,"GoPro, Inc.",120.28M,-3.06%,2448059,801.47M
556,KVHI,"KVH Industries, Inc.",118.59M,-0.58%,2119,118.37M
557,LTRX,"Lantronix, Inc.",118.11M,-1.33%,223377,155.84M
558,RSSS,"Research Solutions, Inc.",118.04M,0.38%,19949,46.61M
559,CSLR,"Complete Solaria, Inc.",117.29M,0.63%,91957,40.80M
560,UPLD,"Upland Software, Inc.",116.76M,0.12%,19166,278.95M
561,LPSN,"LivePerson, Inc.",116.74M,-2.33%,754779,334.74M
562,WBX,Wallbox N.V.,114.76M,1.41%,159118,179.62M
563,YAAS,Youxin Technology Ltd,112.73M,-7.69%,25200,521.24K
564,OCFT,"OneConnect Financial Technology Co., Ltd.",111.87M,6.47%,593,407.83M
565,ZEO,Zeo Energy Corp.,110.35M,-0.44%,11146,77.58M
566,BKTI,BK Technologies Corporation,108.79M,1.56%,7310,74.97M
567,QUIK,QuickLogic Corporation,107.06M,3.14%,95891,21.89M
568,,Nano Labs Ltd,105.69M,-3.11%,3936,6.99M
569,SNCR,"Synchronoss Technologies, Inc.",105.56M,-2.59%,17063,170.79M
570,SILC,Silicom Ltd.,103.25M,1.92%,8881,58.11M
571,NVNI,Nvni Group Limited,102.61M,-11.14%,246251,23.56M
572,INTT,inTEST Corporation,97.45M,0.96%,12016,121.97M
573,RDZN,"Roadzen, Inc.",97.19M,0.39%,72924,46.45M
574,VEEA,Veea Inc.,97.07M,-4.23%,26188,140.04K
575,YXT,YXT.COM Group Holding Limited,96.12M,1.27%,9981,48.03M
576,GCTS,"GCT Semiconductor Holding, Inc.",95.47M,-1.96%,55204,11.53M
577,AIFF,"Firefly Neuroscience, Inc.",93.52M,40.12%,69636328,74.00K
578,QMCO,Quantum Corporation,91.83M,6.34%,505053,285.24M
579,WRAP,"Wrap Technologies, Inc.",90.85M,2.59%,35124,4.23M
580,ODYS,Odysight.ai Inc.,89.12M,-6.92%,65775,4.61M
581,ALOT,"AstroNova, Inc.",88.84M,-0.08%,1039,153.52M
582,ZENA,"ZenaTech, Inc.",88.82M,-8.69%,168982,1.48M
583,SOL,Emeren Group Ltd,86.62M,1.79%,92189,102.49M
584,AXTI,"AXT, Inc.",86.34M,-0.77%,96823,94.69M
585,OSS,"One Stop Systems, Inc.",83.61M,-2.23%,108538,52.71M
586,ALTS,ALT5 Sigma Corporation,82.61M,13.57%,61918,7.11M
587,DM,"Desktop Metal, Inc.",81.69M,-1.59%,29569,168.28M
588,GSIT,"GSI Technology, Inc.",81.41M,-0.28%,57681,19.79M
589,SMXT,"SolarMax Technology, Inc.",80.61M,-0.56%,87029,28.79M
590,AIRG,"Airgain, Inc.",80.32M,-0.14%,2566,55.59M
591,MAXN,"Maxeon Solar Technologies, Ltd.",80.13M,-3.13%,108991,689.01M
592,ELTK,Eltek Ltd.,75.38M,-1.23%,445,48.09M
593,AUID,authID Inc.,75.35M,-0.72%,9448,758.64K
594,JG,Aurora Mobile Limited,74.22M,-4.47%,125333,42.83M
595,PHUN,"Phunware, Inc.",73.19M,-0.14%,211492,3.54M
596,ASYS,"Amtech Systems, Inc.",71.45M,-0.40%,1996,100.68M
597,MIND,"MIND Technology, Inc.",70.37M,-3.56%,66936,45.20M
598,WISA,"WiSA Technologies, Inc.",69.47M,17.11%,33751691,2.19M
599,ALAR,Alarum Technologies Ltd.,67.85M,0.21%,61762,31.56M
600,VTSI,"VirTra, Inc.",67.73M,-1.15%,15005,31.77M
601,SQNS,Sequans Communications S.A.,67.48M,-2.71%,47265,36.76M
602,INUV,"Inuvo, Inc.",67.33M,-0.10%,298613,78.45M
603,LINK,"Interlink Electronics, Inc.",67.27M,-2.71%,2237,12.23M
604,FKWL,Franklin Wireless Corp.,66.11M,2.00%,42142,34.46M
605,CTM,"Castellum, Inc.",65.91M,-1.47%,94942,45.56M
606,WFCF,"Where Food Comes From, Inc.",64.12M,-1.38%,5091,25.82M
607,OPTX,"Syntec Optics Holdings, Inc.",63.84M,-0.88%,30810,29.39M
608,CMTL,Comtech Telecommunications Corp.,61.55M,-2.05%,44630,504.29M
609,SOTK,Sono-Tek Corporation,61.52M,2.24%,3046,20.15M
610,KOSS,Koss Corporation,60.01M,-2.93%,23801,12.29M
611,DUOT,"Duos Technologies Group, Inc.",59.52M,0.82%,56063,7.35M
612,MKFG,Markforged Holding Corporation,59.29M,-1.20%,699,86.89M
613,SELX,Semilux International Ltd.,58.76M,0.81%,2521,1.04M
614,TYGO,"Tigo Energy, Inc.",57.88M,-4.71%,22599,54.01M
615,INLX,"Intellinetics, Inc.",52.67M,-2.97%,2753,17.93M
616,IDN,"Intellicheck, Inc.",52.57M,-2.18%,5044,19.24M
617,REFR,Research Frontiers Incorporated,50.95M,-2.56%,807,1.47M
618,WKEY,WISeKey International Holding AG,50.90M,-1.86%,136257,20.99M
619,BMR,Beamr Imaging Ltd.,50.80M,1.39%,36437,2.96M
620,PXLW,"Pixelworks, Inc.",49.87M,1.22%,81626,54.19M
621,USIO,"Usio, Inc.",49.65M,4.21%,78146,81.03M
622,AIXI,Xiao-I Corporation,48.94M,-,40777,65.64M
623,WCT,Wellchange Holdings Company Limited,48.49M,0.66%,657789,2.37M
624,MOBX,"Mobix Labs, Inc.",47.99M,-2.63%,68121,6.44M
625,SWVL,Swvl Holdings Corp.,47.53M,-0.77%,10550,19.80M
626,SPRU,Spruce Power Holding Corporation,47.17M,0.22%,619,77.58M
627,TDTH,Trident Digital Tech Holdings Ltd,46.47M,-0.98%,46279,1.38M
628,SYT,"SYLA Technologies Co., Ltd.",45.88M,-0.57%,2611,149.12M
629,ZEPP,Zepp Health Corporation,44.31M,1.90%,5116,208.95M
630,TACT,TransAct Technologies Incorporated,43.34M,-0.46%,427,46.42M
631,AXIL,"AXIL Brands, Inc.",42.94M,-4.97%,1334,26.55M
632,LGCL,Lucas GC Limited,42.63M,2.35%,73867,173.31M
633,NUKK,Nukkleus Inc.,40.56M,0.16%,61658,10.75M
634,KPLT,"Katapult Holdings, Inc.",40.44M,0.66%,3375,241.79M
635,FTCI,"FTC Solar, Inc.",40.36M,-0.32%,54857,57.35M
636,MNDO,MIND C.T.I. Ltd,40.17M,-0.50%,25452,21.86M
637,MTC,"MMTec, Inc.",39.70M,4.22%,52958,-1.99M
638,CMBM,Cambium Networks Corporation,38.41M,-2.48%,17035,172.22M
639,MSAI,"MultiSensor AI Holdings, Inc.",38.36M,-1.95%,51996,7.62M
640,HKIT,Hitek Global Inc.,38.09M,9.24%,28110,3.45M
641,DSWL,"Deswell Industries, Inc.",38.01M,1.49%,1272,66.81M
642,OCC,Optical Cable Corporation,36.17M,1.15%,8477,66.67M
643,LGL,"The LGL Group, Inc.",36.13M,0.40%,1594,4.13M
644,AMPG,"AmpliTech Group, Inc.",36.11M,-4.03%,234546,11.67M
645,CLPS,CLPS Incorporation,35.78M,-2.65%,5850,142.81M
646,VRAR,"The Glimpse Group, Inc.",35.26M,-1.72%,79502,8.14M
647,FCUV,Focus Universal Inc.,35.10M,-1.22%,13479,1.08M
648,XBP,"XBP Europe Holdings, Inc.",34.99M,-0.85%,20428,157.15M
649,BEEM,Beam Global,34.94M,-3.86%,68846,60.88M
650,KTCC,Key Tronic Corporation,34.55M,-1.53%,107,514.39M
651,VHC,VirnetX Holding Corporation,34.38M,0.55%,536,5.00K
652,AWRE,"Aware, Inc.",34.35M,3.18%,24517,16.97M
653,EBON,Ebang International Holdings Inc.,34.23M,-1.09%,2403,3.59M
654,MASK,3 E Network Technology Group Limited,34.09M,13.21%,29994,4.56M
655,HUBC,HUB Cyber Security Ltd.,33.90M,-2.66%,1083840,33.36M
656,WYY,WidePoint Corporation,32.33M,-4.86%,27489,133.12M
657,CPSH,CPS Technologies Corporation,31.67M,9.82%,737429,21.94M
658,NTWK,"NetSol Technologies, Inc.",31.56M,1.85%,126,61.75M
659,FAAS,DigiAsia Corp.,31.47M,-2.25%,485310,57.73M
660,FOXX,Foxx Development Holdings Inc.,30.94M,-0.47%,472722,26.34M
661,MOGO,Mogo Inc.,29.70M,-0.83%,24707,31.00M
662,HTCR,"HeartCore Enterprises, Inc.",29.52M,0.10%,51326,30.29M
663,ORKT,Orangekloud Technology Inc.,29.12M,1.59%,139497,3.90M
664,DTST,Data Storage Corporation,28.76M,-1.68%,24450,25.14M
665,GLE,Global Engine Group Holding Limited,28.27M,-3.44%,1101,6.33M
666,EMKR,Emcore Corporation,28.11M,0.81%,635,85.90M
667,SURG,"SurgePays, Inc.",27.83M,-0.35%,37532,83.60M
668,BTCT,BTC Digital Ltd.,27.32M,0.58%,163725,8.48M
669,BTCM,BIT Mining Limited,27.13M,0.85%,12185,41.41M
670,DAIO,Data I/O Corporation,26.97M,-3.94%,4297,23.46M
671,NXPL,NextPlat Corp,26.72M,-0.07%,51800,66.48M
672,LDTC,LeddarTech Holdings Inc.,26.28M,-3.80%,122382,353.69K
673,HOLO,MicroCloud Hologram Inc.,26.09M,0.79%,14921983,32.24M
674,VSTE,Vast Renewables Limited,26.07M,-0.22%,1471599,342.00K
675,TURB,"Turbo Energy, S.A.",25.50M,2.89%,1629,11.66M
676,TRT,Trio-Tech International,25.50M,-,187,42.15M
677,BNAI,"Brand Engagement Network, Inc.",25.28M,6.15%,3141653,135.00K
678,UTSI,UTStarcom Holdings Corp.,25.19M,-4.30%,121,14.96M
679,CREX,"Creative Realities, Inc.",25.18M,0.42%,33280,54.30M
680,CXAI,CXApp Inc.,24.94M,-2.30%,252925,7.20M
681,SMSI,"Smith Micro Software, Inc.",24.65M,-2.74%,59533,24.18M
682,MTEK,Maris-Tech Ltd.,23.32M,2.78%,33758,6.97M
683,AMOD,"Alpha Modus Holdings, Inc.",23.17M,-3.11%,57415,-
684,EZFL,EZFill Holdings Inc.,22.67M,3.99%,10346,26.67M
685,BLIN,"Bridgeline Digital, Inc.",21.97M,3.61%,80126,15.36M
686,BOSC,B.O.S. Better Online Solutions Ltd.,21.61M,-2.09%,14355,40.45M
687,SAIH,SAIHEAT Limited,20.99M,2.48%,20601,6.95M
688,SYNX,Silynxcom Ltd.,20.52M,-2.95%,1427,9.89M
689,AGMH,AGM Group Holdings Inc.,20.23M,8.32%,12631,65.00M
690,CNTM,"ConnectM Technology Solutions, Inc.",20.17M,-2.17%,31173,21.79M
691,IPM,Intelligent Protection Management Corp.,19.39M,1.89%,18303,9.64M
692,STEC,Santech Holdings Limited,18.48M,-7.82%,34884,260.47M
693,JZ,Jianzhi Education Technology Group Company Limited,17.67M,-0.50%,74886,50.81M
694,SOPA,Society Pass Incorporated,17.18M,-16.58%,2164715,6.91M
695,RTC,Baijiayun Group Ltd,17.12M,-1.52%,572585,59.79M
696,JDZG,JIADE Limited,16.62M,-0.37%,2311,2.33M
697,ELSE,"Electro-Sensors, Inc.",16.45M,-0.62%,1099,9.29M
698,PET,Wag! Group Co.,15.96M,-1.84%,189759,76.75M
699,TAIT,Taitron Components Incorporated,15.84M,1.15%,269,4.34M
700,JFU,9F Inc.,15.66M,-2.21%,195,40.61M
701,MOB,Mobilicom Limited,15.50M,-3.01%,68450,3.46M
702,DTSS,Datasea Inc.,15.49M,1.63%,57856,38.18M
703,FEBO,Fenbo Holdings Limited,14.83M,2.33%,530,16.32M
704,IZM,ICZOOM Group Inc.,14.43M,0.81%,13377,177.93M
705,INTZ,Intrusion Inc.,14.10M,4.17%,179952,5.46M
706,AMST,Amesite Inc.,12.98M,-3.27%,15277,86.12K
707,SONM,"Sonim Technologies, Inc.",12.37M,-0.40%,23446,56.74M
708,LEDS,SemiLEDs Corporation,12.33M,1.18%,18885,4.79M
709,MLGO,MicroAlgo Inc.,12.27M,-0.01%,878918,83.50M
710,ARBB,ARB IOT Group Limited,12.10M,1.85%,499,12.33M
711,GMM,Global Mofy AI Limited,11.93M,-,21924,41.36M
712,CISO,CISO Global Inc.,11.89M,0.97%,6991,54.63M
713,BLBX,Blackboxstocks Inc.,11.81M,-2.99%,23936,2.76M
714,BNZI,"Banzai International, Inc.",11.52M,-5.12%,299472,4.31M
715,CLRO,"ClearOne, Inc.",11.51M,-2.97%,10766,12.58M
716,APCX,AppTech Payments Corp.,10.74M,-8.59%,265310,365.00K
717,SCKT,"Socket Mobile, Inc.",10.50M,4.55%,4356,18.33M
718,ASTC,Astrotech Corporation,10.44M,-1.10%,989,1.27M
719,MSN,Emerson Radio Corp.,10.10M,-2.06%,10134,9.76M
720,UAVS,"AgEagle Aerial Systems, Inc.",10.07M,-1.61%,148946,13.49M
721,SMTK,"SmartKem, Inc.",9.73M,-2.44%,3932,40.00K
722,UBXG,U-BX Technology Ltd.,9.61M,-1.75%,3489,51.60M
723,SGMA,"SigmaTron International, Inc.",9.36M,-0.20%,153,336.56M
724,MFI,mF International Limited,9.13M,-0.08%,28462,3.88M
725,XTKG,"X3 Holdings Co., Ltd.",9.05M,-5.97%,68390,15.23M
726,RVYL,Ryvyl Inc.,8.73M,-1.69%,15462,63.53M
727,RYDE,Ryde Group Ltd,8.70M,-2.04%,92072,5.76M
728,ELWS,"Earlyworks Co., Ltd",8.56M,1.79%,2657,1.14M
729,ASNS,"Actelis Networks, Inc.",8.04M,0.80%,83073,7.72M
730,NXTT,Next Technology Holding Inc.,7.95M,-5.00%,15442,1.13M
731,DATS,"DatChat, Inc.",7.52M,-6.68%,311997,515.00
732,LIDR,"AEye, Inc.",7.40M,-2.39%,216179,225.00K
733,WTO,UTime Limited,7.21M,-3.13%,168964,32.31M
734,FRGT,"Freight Technologies, Inc.",7.06M,-5.44%,6259,17.57M
735,MITQ,"Moving iMage Technologies, Inc.",7.05M,-2.17%,11558,18.76M
736,JNVR,Janover Inc.,7.02M,-4.42%,1398,1.82M
737,ULY,Urgent.ly Inc.,6.80M,0.38%,27860,155.93M
738,RIME,"Algorhythm Holdings, Inc.",6.76M,-6.63%,562894,32.48M
739,MRIN,Marin Software Incorporated,6.63M,-3.10%,13189,16.71M
740,MYNA,Mynaric AG,6.34M,33.56%,49566135,5.96M
741,BOXL,Boxlight Corporation,5.98M,1.83%,38475,150.71M
742,GITS,"Global Interactive Technologies, Inc.",5.91M,0.45%,3212,-186.28K
743,VS,Versus Systems Inc.,5.58M,2.01%,16957,91.50K
744,OST,"Ostin Technology Group Co., Ltd.",5.30M,-,22907,32.46M
745,VERB,"Verb Technology Company, Inc.",5.29M,-2.73%,1507,201.00K
746,FTFT,Future FinTech Group Inc.,5.06M,-0.29%,10931,18.54M
747,TGL,Treasure Global Inc.,4.89M,2.41%,4373099,8.81M
748,IDAI,T Stamp Inc.,4.88M,-2.68%,19936,2.16M
749,OBLG,"Oblong, Inc.",4.71M,0.86%,1815,2.76M
750,IMTE,Integrated Media Technology Limited,4.25M,-4.62%,1935,123.34K
751,WATT,Energous Corporation,3.93M,3.42%,572662,431.18K
752,CETX,"Cemtrex, Inc.",3.91M,-1.81%,15591,66.86M
753,VVPR,VivoPower International PLC,3.77M,2.01%,72179,79.00K
754,IFBD,"Infobird Co., Ltd",3.68M,0.24%,5169,300.00K
755,CYN,Cyngn Inc.,3.44M,-2.02%,129686631,102.12K
756,SVRE,SaverOne 2014 Ltd.,3.39M,-2.88%,21849,458.95K
757,JTAI,Jet.AI Inc.,3.10M,-4.45%,18957,15.03M
758,OLB,"The OLB Group, Inc.",2.94M,-1.09%,347,16.01M
759,PRSO,Peraso Inc.,2.81M,2.88%,15691,12.73M
760,ASTI,"Ascent Solar Technologies, Inc.",2.80M,1.44%,3547,44.67K
761,WLDS,Wearable Devices Ltd.,2.77M,2.01%,40288,464.00K
762,AUUD,Auddia Inc.,2.56M,1.97%,136729,-
763,SYTA,Siyata Mobile Inc.,2.30M,0.47%,26540,11.99M
764,MYSZ,"My Size, Inc.",2.18M,-4.95%,71361,9.63M
765,SGN,"Signing Day Sports, Inc.",2.03M,-0.75%,12,576.49K
766,TAOP,Taoping Inc.,1.86M,-3.30%,532348,42.64M
767,SOBR,"SOBR Safe, Inc.",789.83K,-1.06%,309973,183.86K
768,ATCH,"AtlasClear Holdings, Inc.",676.73K,-2.40%,35214,-
769,LYT,Lytus Technologies Holdings PTV. Ltd.,471.96K,-0.59%,469067,21.36M
